{"name":"doit","short_name":"doit","start_url":"/dashboard","display":"standalone","background_color":"#2074d4","lang":"en","scope":"/","description":"The app for managing your work, tasks, and life. Join now for free to access a full organization tool.","icons":[{"src":"/android-chrome-36x36.png","sizes":"36x36","type":"image/png"},{"src":"/android-chrome-48x48.png","sizes":"48x48","type":"image/png"},{"src":"/android-chrome-72x72.png","sizes":"72x72","type":"image/png"},{"src":"/favicon-512x512.png","sizes":"512x512","type":"image/png"},{"src":"/maskable_icon_x72.png","sizes":"72x72","type":"image/png","purpose":"maskable"}],"theme_color":"#2074d4","orientation":"portrait"}